,index,star_end_address,Monday_avg,Tuesday_avg,Wednesday_avg,Thursday_avg,Friday_avg,Saturday_avg,Sunday_avg,Monday_q1,Tuesday_q1,Wednesday_q1,Thursday_q1,Friday_q1,Saturday_q1,Sunday_q1,Monday_q3,Tuesday_q3,Wednesday_q3,Thursday_q3,Friday_q3,Saturday_q3,Sunday_q3
0,0, Metro Medical   Cosmic Fusion  ,15.92063125,16.49238351,16.18134521,16.62940865,16.29959509,16.44470046,14.77941101,11.96666667,12.4,12.4,12.7,12.45833333,13.03333333,11.28333333,20.53333333,21.23333333,20.45,21.31666667,20.87083334,20.94583333,18.75
1,1, Milan Bridge   Santacruz Milan Subway  ,4.359041731,4.556979728,4.509956038,4.755684548,4.880126183,4.844778034,3.713178295,2.633333333,2.75,2.683333333,2.7,2.65,2.733333333,2.566666667,5.495833333,5.716666667,5.65,5.966666667,6.266666667,6.125,4.533333333
2,2, Phoenix Market City Mall   Kurla Bus Depot Junction  ,7.706153846,8.671391686,8.272813147,8.685287903,8.483778476,8.033627978,7.409788769,5.445833333,5.633333333,5.783333333,5.6375,5.766666667,5.416666667,5.183333333,9.1375,9.566666667,9.820833334,9.9,10.03333333,9.633333333,8.995833333
3,3, Rani Sati Marg   Malad Subway  ,8.45474359,8.428332054,8.340899716,8.532284197,8.652638454,8.743397436,7.743852881,6.2625,6.325,6.333333333,6.383333333,6.366666667,6.35,6.25,10.11666667,9.983333333,9.933333333,10.125,10.41666667,10.63333333,8.870833334
4,4,A K Vaidya Marg   Oberoi Mall Junction  ,8.768468468,8.93253785,9.074765625,8.970195754,9.025816993,8.94436638,8.725643004,6.425,6.4,6.483333333,6.483333333,6.45,6.533333333,6.766666667,11.2,11.375,11.7,11.58333333,11.72083334,11.53333333,10.85
5,5,Aarey Check Naka   Goregaon East Station Road  ,9.050153965,9.159721156,8.987748515,9.10960925,9.470856173,8.971351767,7.847876448,6.791666666,6.7,6.55,6.666666667,6.85,6.75,6.591666667,10.66666667,11.11666667,10.71666667,11,11.33333333,10.62916667,8.866666667
6,6,Aarey Road   Goregoan Check Naka  ,10.93403846,11.92460317,11.75823013,12.16744771,11.90383412,11.5580641,10.09740226,8.291666667,8.0375,8.179166667,8.725,8.133333333,7.816666667,7.566666667,12.62916667,13.22916667,13.26666667,14.01666667,13.86666667,12.53333333,11.96666667
7,7,Adarsh Nagar   Infiniti Mall  ,57.28487298,59.38728205,58.72348309,59.92882055,59.694804,55.20432384,49.55124743,43.53333333,42.97083333,43.31666667,43.38333333,43.74166667,43.59166667,43.71666667,68.475,71.04583333,70.825,73.125,72.45833333,64.98333333,54.5
8,8,Amarmahal Junction flyover   Chembur flyover  ,6.52619969,7.139149372,6.460307018,6.731734612,6.813867085,6.265048793,5.095271318,3.95,3.983333333,4.033333333,3.983333333,4,3.966666667,3.933333333,7.35,7.883333333,7.4375,7.991666667,8.033333333,7.5,5.816666667
9,9,Andheri Flyover   Jogeshwari End  ,15.77414103,16.47182051,16.73723958,17.19581989,16.88304598,15.41484895,13.3598713,8.3,8.745833333,8.883333333,9.5125,10.26666667,8.725,7.608333334,21.45,21.89166667,21.77916667,22.83333333,22.19166667,20.4625,18.08333333
10,10,Arthur Road Jail   Jacob Circle  ,6.921540638,7.111376477,7.124092794,7.061656034,6.611542484,6.417899332,6.485241042,1.05,1.1,1.133333333,1.066666667,0.966666667,0.85,0.816666667,10.43333333,10.75,10.73333333,10.79583333,10.56666667,9.916666667,9.483333333
11,11,Ashok Silk Mills   Indian Oil Petrol Pump & CNG Vikhroli  ,4.65839107,4.89396618,4.777747678,4.786493333,4.936574803,5.372235023,4.728986626,3.616666667,3.616666667,3.579166667,3.633333333,3.616666667,3.616666667,3.6,5.05,5.283333333,5.216666667,5.266666667,5.3625,6.345833333,5.216666667
12,12,Bandra police station   Lucky restaurant  ,2.567285862,2.607122726,2.612116485,2.586499069,2.601196982,2.727892985,2.444028314,2.116666667,2.133333333,2.116666667,2.133333333,2.133333333,2.1,2.083333333,2.883333333,2.933333333,2.916666667,2.916666667,2.916666667,3.083333333,2.633333333
13,13,Bandra Reclaimation   Lilavati Hospital  ,1.981370285,1.988773682,1.980726329,1.98177458,2.005002612,2.03250128,1.979472329,1.766666667,1.754166667,1.75,1.75,1.75,1.766666667,1.816666667,2.116666667,2.133333333,2.133333333,2.133333333,2.15,2.166666667,2.066666667
14,14,Bandra-Kurla Complex (BKC)   Kapadia Nagar Kurla  ,6.128239672,6.211719352,6.219121447,6.278095996,6.230413721,5.911363054,5.781828704,4.833333333,4.783333333,4.85,4.85,4.833333333,4.833333333,4.933333333,7.016666667,7.183333333,7.216666667,7.266666667,7.25,6.733333333,6.433333333
15,15,Basant Rubber Factory Limited   Bharat Petroleum Vikhroli Automobiles  ,4.92281242,4.968641026,4.909169239,4.97794586,4.802371593,4.104633897,4.198546811,2.383333333,2.395833333,2.35,2.345833333,2.35,2.2,2.116666667,5.108333333,5.366666667,5.354166667,5.4875,5.154166667,4.5,4.383333333
16,16,Behram Baug   J A Meghani Memorial School  ,2.28951717,2.23283179,2.285159285,2.265620863,2.216456527,2.298936715,1.902327675,1.583333333,1.583333333,1.583333333,1.583333333,1.583333333,1.566666667,1.55,2.45,2.483333333,2.45,2.566666667,2.416666667,2.45,2.066666667
17,17,Belapur Road Thane  Kalwa Naka Thane ,24.16232331,24.37752564,24.41807384,24.72500667,24.5201596,23.14933282,21.0901521,19.65,19.88333333,19.86666667,20.06666667,20.075,20.08333333,19.1,27.15,27.15,27.31666667,27.55,27.13333333,24.84166666,21.95
18,18,Bharat Petroleum Vikhroli Automobiles   Basant Rubber Factory Limited  ,1.107512821,1.125641026,1.125612271,1.138129306,1.146422956,0.962990008,0.767207625,0.679166666,0.683333333,0.666666667,0.666666667,0.683333333,0.666666667,0.666666667,1.433333333,1.45,1.483333333,1.533333333,1.533333333,1.2,0.9
19,19,Borivli National Park Gate   Goregaon Hub Mall  ,23.97387387,24.4569669,24.30571168,25.73598455,26.10883819,25.41166409,20.35009009,13.75,14.50833334,13.9,14.84166667,14.64166666,14.88333333,14.15,31.76666667,31.29166667,31.43333333,32.99166667,34.98333334,33.475,25.18333333
20,20,Cafe Almas   Minara Masjid  ,6.92079157,6.768230769,6.774450478,7.105568878,6.952068604,7.082152938,6.256320949,5.083333333,5.083333333,5.066666667,5.1,5.216666667,5.15,5.1,8.316666667,8.170833334,8.216666667,8.708333334,8.233333333,8.583333334,7.266666667
21,21,Cafe Arfa   J P Road Junction  ,3.478794872,3.631168332,3.422700258,3.36856,3.436293688,3.45140809,3.045456885,2.15,2.166666667,2.166666667,2.170833334,2.2,2.183333333,2.15,4.133333333,4.35,4.166666667,4.1125,4.116666667,4.195833333,3.55
22,22,Carnac Bridge   Crawford Market Junction  ,3.473258514,3.416306584,3.285530421,3.471998928,3.342381327,3.406076923,2.291834625,1.966666667,1.95,1.95,1.983333333,1.983333333,1.966666667,1.983333333,4.2,4.170833334,4.1125,4.325,4.116666667,4.483333333,2.6
23,23,Carnac Road   Ramabai Ambedkar Police Station  ,2.576766898,2.473705128,2.417183863,2.39773876,2.447695732,2.704182705,2.011484919,1.7,1.733333333,1.716666667,1.666666667,1.716666667,1.75,1.633333333,2.666666667,2.654166667,2.633333333,2.666666667,2.7,2.766666667,2.266666667
24,24,Chembur flyover   Amarmahal Junction flyover  ,5.898715973,6.262080451,5.980387597,6.111133227,6.186143791,6.034884615,5.361033772,4.083333333,4.15,4.133333333,4.133333333,4.15,4.15,4.15,6.979166666,7.15,7.083333333,7.570833334,7.525,7.366666667,6.183333333
25,25,Chembur Naka V N Purav Marg   TISS  ,4.251988709,4.345570917,4.432057231,4.600039746,4.640214547,4.535240655,4.062834362,3.133333333,3.166666667,3.183333333,3.216666667,3.2,3.2,3.1,5.433333333,5.45,5.466666667,5.533333333,5.566666667,5.579166667,5.083333333
26,26,Chunabhatti   Sion Circle  ,6.917962535,7.009203789,6.988639298,7.011597665,6.980599163,6.983205325,6.616319444,6.025,6.0375,6.033333333,6.1,6.016666667,6,5.883333333,7.683333333,7.783333333,7.8,7.766666667,7.783333333,7.783333333,7.216666667
27,27,Civil Hospital Thane  Uthalsar Thane ,4.343415957,4.356410256,4.363110073,4.357235967,4.357894737,4.444418784,4.150813323,3.75,3.75,3.733333333,3.783333333,3.816666667,3.766666667,3.716666667,4.766666667,4.8,4.7875,4.733333333,4.75,4.933333333,4.45
28,28,Cosmic Fusion    Metro Medical  ,16.46943803,16.84870612,16.53113525,17.03880895,16.97507224,17.34284434,15.43231739,12.33333334,13.06666667,12.9,13.21666667,13.26666667,13.15416667,11.88333333,22.275,22.76666667,21.93333333,22.81666667,22.53333333,22.60833334,19.43333333
29,29,Court Naka Thane  Talaopali Thane ,6.577627859,6.621038462,6.627332815,6.666573631,6.662375719,6.319812532,5.481075851,5.016666667,4.983333333,4.983333333,4.983333333,4.966666667,4.95,4.916666667,7.75,7.833333333,7.833333333,7.95,7.916666667,7.183333333,5.85
30,30,Crawford Market Junction   Carnac Bridge  ,4.92,4.581588401,4.543985451,4.649667995,4.608767087,5.533269181,3.508681092,3.016666667,3.141666667,3.216666667,3.1,3.283333333,3.133333333,3.15,5.966666667,5.516666667,5.525,5.725,5.420833334,6.958333334,3.85
31,31,Dadar TT   S K Bole Marg  ,11.60248008,14.45297436,12.73343653,13.0151672,12.46649647,12.61847436,11.40977589,8.416666667,8.633333333,8.216666667,8.245833333,8.316666667,8.466666667,8.383333333,14.01666667,16.95416667,15.3375,16.07083334,15.36666667,16.31666667,13.96666667
32,32,Dr E Moses Junction   High Street Phoenix Mall  ,nan,13.03854167,10.18787879,8.11111111,10.075,13.63194444,15.89,nan,10.81666667,9.316666667,6.966666666,7.5875,10.9625,14.45,nan,15.52083334,10.51666667,9.379166667,12.5625,16.07083333,17.15
33,33,Dreams The Mall Bhandup West   400078 Shangrila Biscuit Factory Rajiv Gandhi Nagar  ,5.351183128,5.358577298,5.424714878,5.22982947,5.291934641,5.72016129,4.628507079,4.133333333,4.170833334,4.183333333,4.225,4.225,4.116666667,3.941666667,6.266666667,6.2625,6.333333333,6.133333333,6.158333334,6.729166666,5.1
34,34,Eastern Express Highway   Orange Gate  ,26.63544565,27.23568129,26.48216602,27.2812963,27.43804091,26.10572676,24.33685848,23.16666667,22.96666667,23.08333333,23.1,23.15,23.05,22.95,28.1,28.26666667,28.16666667,28.9,28.70833334,28.19583333,25.9
35,35,Eastern Express Highway   Fortis Hospital  ,14.57862319,14.96949153,14.89271643,14.85412673,14.84113559,15.14419172,13.75356037,11.56666667,11.55,11.68333333,11.55,11.63333333,11.61666667,11.61666667,16.26666667,16.675,16.88333333,17.05,16.66666667,17.03333333,14.63333333
36,36,Famous Studio   Mahalaxmi station  ,7.074942085,7.388670772,7.619719408,7.649161342,7.889706268,6.783846154,6.150605826,5.033333333,5.033333333,5.016666667,4.983333333,4.983333333,4.916666667,4.65,8.1,8.575,8.575,8.666666667,9.125,7.9,7.033333333
37,37,Fortis Hospital   Eastern Express Highway  ,11.47552808,11.49215988,11.46513857,11.22486709,11.11620951,11.37474981,10.62333076,8.433333333,8.433333333,8.45,8.366666667,8.316666667,8.466666667,8.45,12.29583333,12.16666667,12.28333333,12.18333333,11.92083334,11.93333333,10.43333333
38,38,Globosport India   Pali Naka Road  ,3.29611925,3.308660005,3.309809229,3.369085593,3.416758314,3.55866718,3.015514116,2.616666667,2.65,2.583333333,2.666666667,2.633333333,2.683333333,2.7,3.8,3.833333333,3.9,3.9,4,4.266666667,3.25
39,39,Goregaon East Station Road   Aarey Check Naka  ,7.169782051,7.594704528,7.322002072,7.308139845,7.581204284,7.236443932,6.305156893,5.016666667,4.933333333,4.733333333,4.816666667,4.883333333,4.95,5.066666667,8.904166667,9.55,9.408333334,9.266666667,9.5375,9.066666667,7.383333333
40,40,Goregaon Hub Mall   Borivli National Park Gate  ,27.97633205,28.42142492,29.09510644,30.71122178,31.3220266,30.47830261,24.62171952,17.90833334,18.31666667,18.0625,18.53333334,18.58333333,18.16666667,17.38333333,35.48333333,35.71666667,37.25833333,39.39166667,40.675,39.80833333,31.55
41,41,Goregoan Check Naka   Aarey Road  ,14.27366667,14.82657969,14.51642081,15.79246191,15.59411381,14.00773169,12.522574,10.76666667,10.61666667,10.42916667,11.16666667,10.96666667,10.35,9.766666667,16.21666667,16.45,16.4375,18.13333333,18,15.26666667,14.29166667
42,42,Grand Sarovar Premiere   Veer Savarkar flyover  ,3.050398048,2.957455803,3.135342607,3.12062417,3.422305076,3.472935897,2.87492284,0.666666667,0.666666667,0.65,0.683333333,0.666666667,0.683333333,0.65,5.595833333,5.35,6.166666667,5.633333333,6.35,6.45,5.229166667
43,43,Haji Ali    Central  ,15.5701248,15.71745234,15.49817872,16.36969821,15.94860999,15.26966979,13.96220472,10.80833333,11.21666667,10.77916667,10.9875,11.14166666,10.52083333,10.00416667,18.8625,19.6,19.22083333,20.34166667,19.35833333,18.9625,18.23333333
44,44,High Street Phoenix Mall   Dr E Moses Junction  ,nan,8.745454546,8.516666667,5.661111111,7.4,12.67361111,13.82333333,nan,8,7.741666667,3.829166667,4.9,7.933333333,13.08333333,nan,10.075,9.458333332,7.4,9.9,16.72916667,16.55
45,45,Hotel Blue Diamond Navi   Shivaji Chowk Vashi Navi  ,7.131161655,7.13892738,7.097397047,7.136086725,7.15,7.214599384,6.843890178,5.866666667,5.866666667,5.866666667,5.916666667,5.895833333,5.866666667,5.866666667,8.066666667,8.033333333,7.983333333,8.033333333,8.05,8.233333333,7.566666667
46,46,Indian Oil Petrol Pump & CNG Vikhroli   Ashok Silk Mills  ,4.42820118,4.566820513,4.384532096,4.45761563,4.742769512,5.307238022,5.167566872,3.141666667,3.1,3.083333333,3.0875,3.083333333,3.083333333,3.1,4.983333333,5.2875,5.133333333,5.145833333,5.583333333,6.316666667,5.791666666
47,47,Infiniti Mall   Adarsh Nagar  ,62.81390601,65.64076352,64.18032998,65.44746261,65.92048857,57.65048643,51.59003861,43.95833333,43.7,43.83333333,43.85,44.16666667,44.03333333,44.49166667,73.05833334,76.4,76.2,77.4875,77.9,68.50833334,57.48333334
48,48,Ismail College Campus   Lokhandwala Road Andheri West  ,23.35605128,23.38412821,23.40336687,23.63137255,23.43127782,23.01742308,21.28643501,17.93333333,17.97916667,17.8125,18.00416667,18.01666667,17.9,17.75833334,27.1,27.21666667,27.23333333,27.64583333,27.15,26.775,23.93333333
49,49,J A Meghani Memorial School   Behram Baug  ,3.72201185,3.809424756,3.771800826,3.753184119,3.866981875,3.615437788,3.398069498,2.816666667,2.8,2.8,2.816666667,2.816666667,2.8,2.766666667,4.029166667,4.183333333,4.133333333,4.066666667,4.133333333,3.895833333,3.633333333
50,50,J P Road Junction   Cafe Arfa  ,8.066807692,8.448622909,8.000726329,8.07146283,8.105751634,8.398974359,7.338584299,5.4,5.583333333,5.45,5.566666667,5.616666667,5.55,5.333333333,10.05416667,10.61666667,10.01666667,9.616666667,9.625,10.28333333,8.608333334
51,51,Jacob Circle    Central  ,9.43963964,9.66448718,9.479328165,9.794063745,9.643001047,9.084616372,8.315868109,7.416666667,7.5,7.316666667,7.366666667,7.35,7.125,6.933333333,11.26666667,11.58333333,11.5,12.01666667,11.56666667,10.88333333,9.725
52,52,Jacob Circle   Arthur Road Jail  ,7.39385762,8.245227098,7.519504925,7.551038339,7.286917844,7.100526046,6.744075219,3,3.05,3.033333333,2.979166667,2.95,2.783333333,2.683333333,10.36666667,11.275,10.2125,10.475,10.1125,10.19166667,9.229166667
53,53,Jogeshwari End   Andheri Flyover  ,24.18302564,25.56453189,24.44817137,25.88983707,26.2913208,22.81861389,18.83584687,15.1,16.1875,16.21666667,16.97916667,17.1,15.51666667,13.6,32.19166667,34.09166667,31.4375,33.90833333,34.76666667,27.78333333,23.33333333
54,54,Jogeshwari Flyover   Mahanand Dairy  ,32.18271653,33.28069636,33.0190902,34.81557508,34.83189655,31.14292852,25.88085134,21.85,22.35416667,22.11666667,22.88333333,22.74583333,22.96666667,19.44166667,41.16666667,42.39166667,43.10833334,45.0375,45.125,39.3,32.19166667
55,55,Kalbadevi   Mangaldas Market  ,10.90968573,10.55225989,10.26335661,10.78626826,10.4041373,10.78477144,8.246718346,7.254166667,7.370833334,7.216666667,7.4,7.333333333,7.2,6.95,15.0125,14.19166667,13.78333333,14.6,13.8,14.5875,9.5
56,56,Kalki Fashion   Santacruz-Khar Subway  ,6.172085259,6.056315655,6.333927649,6.43756,6.097946102,6.019078779,5.714953632,3.733333333,3.683333333,3.7375,3.733333333,3.75,3.625,3.7,7.379166667,7.333333333,7.233333333,7.516666667,7.45,7.5,6.345833333
57,57,Kalwa Naka Thane  Belapur Road Thane ,25.20397683,24.44618056,24.84350348,25.45053163,24.99866457,22.65125835,19.80536221,16.68333333,17.2125,17.25,17.35,17.51666667,17.16666667,16.4,29.88333334,27.25,28.76666667,30.09583333,27.38333333,25.45416667,20.78333333
58,58,Kapadia Nagar Kurla   Bandra-Kurla Complex (BKC)  ,7.382255581,7.500538462,7.45933797,7.376336792,7.326996596,6.315745008,6.122337963,5.316666667,5.233333333,5.316666667,5.25,5.266666667,5.266666667,5.35,7.95,8.116666667,8.016666667,8.183333333,8,7.15,6.75
59,59,Kapurbavdi Thane  Tatvagyan Vidyapeeth junction Thane ,2.935934114,2.9375,2.901990408,2.915828252,2.955624426,2.977732794,2.896877934,2.65,2.65,2.65,2.645833333,2.654166667,2.666666667,2.633333333,3.216666667,3.183333333,3.133333333,3.233333333,3.195833333,3.25,3.166666667
60,60,Kurla Bus Depot Junction    Phoenix Market City Mall  ,8.960076923,9.583423146,9.709262126,9.87553614,9.684640523,9.051548899,8.076311728,5.5,5.508333334,5.7,5.658333334,5.666666667,5.533333333,5.5,11.1875,11.64166666,12.66666667,12.60833334,12.23333333,11.6625,9.983333333
61,61,Lilavati Hospital   Bandra Reclaimation  ,3.088302517,3.109626216,3.108268834,3.128070877,3.125058916,3.104961538,3.028657908,2.816666667,2.816666667,2.8,2.8,2.816666667,2.8,2.833333333,3.266666667,3.3,3.3,3.316666667,3.333333333,3.266666667,3.15
62,62,Lokhandwala Road Andheri West   Ismail College Campus  ,25.61597383,25.81648746,25.60781814,25.88483639,25.81688854,25.46014103,22.75157014,19.3,19.43333333,19.22083334,19.33333333,19.35,19.49166667,19.225,30.86666667,31.09583333,30.93333333,30.9,30.91666667,30.25,25.65833334
63,63,Lucky restaurant   Bandra police station  ,2.565542636,2.579259544,2.614918415,2.63500401,2.626010499,2.715153846,2.445949432,2.15,2.166666667,2.166666667,2.216666667,2.170833334,2.183333333,2.1,2.833333333,2.85,2.916666667,2.933333333,2.916666667,2.966666667,2.633333333
64,64,Mahalaxmi station   Famous Studio  ,5.593893622,5.810472886,6.027219626,6.649840637,6.842212576,5.20317644,4.50801753,3.466666667,3.516666667,3.483333333,3.766666667,3.791666667,3.666666667,3.433333333,6.533333333,6.75,6.695833333,7.816666667,8.25,5.833333333,5.216666667
65,65,Mahanand Dairy   Jogeshwari Flyover  ,26.12227354,27.2203277,26.67325581,27.99164009,28.01456044,26.14192268,23.52649177,20.2,20.41666667,20.2375,20.75416667,20.55,20.72083334,17.5,32.73333334,33.15,33.32916667,35.18333333,34.75833333,32.2625,28.74166667
66,66, High School   VS Agashe Marg Junction  ,31.96974412,34.26989247,33.33598402,33.38746439,33.04664502,31.83244898,29.93207226,23.05833333,23.2,24.23333333,23.15,23.48333333,23.11666667,23.55,38.60833334,41.9,40.59166667,41.35833333,40.36666667,38.83333333,35.45
67,67,Mahavir Platinum Housing Society   Mankhurd  ,8.278303824,8.394295216,8.192724458,8.663101889,8.632745559,8.556758833,7.977739198,5.633333333,5.758333334,5.616666667,5.833333333,5.733333333,5.716666667,5.65,9.866666667,9.55,9.566666667,10.25,9.933333333,10.66666667,9.658333333
68,68,Malad Subway    Rani Sati Marg  ,14.1850911,13.87601438,13.89501292,13.80671444,14.48498558,15.39867847,12.21652488,8.983333333,8.966666667,8.95,9.033333333,9.208333334,9.033333333,9.016666667,17.83333333,17.2,17.62916667,17.15416667,18.25,20.85833334,14.45
69,69,Mangaldas Market   Kalbadevi  ,3.323885022,3.386307692,3.30463035,3.398413333,3.271938776,3.401696222,2.398403427,2.15,2.283333333,2.133333333,2.166666667,2.166666667,2.183333333,2,4.483333333,4.420833334,4.45,4.583333333,4.366666667,4.55,2.716666667
70,70,Mankhurd   Mahavir Platinum Housing Society  ,8.356012821,8.791430033,8.726459948,9.492268593,9.64127543,9.618977915,7.871759259,5.466666667,5.533333333,5.45,5.55,5.566666667,5.6375,5.645833333,9.7125,10.70833333,10.46666667,12.14583333,12.35833334,12.62916667,8.958333333
71,71,Masjid Bunder Road   Mohammed Ali Road  ,2.555065739,2.463225058,2.428900985,2.53505609,2.467480956,2.593022359,2.199716641,1.766666667,1.783333333,1.716666667,1.766666667,1.8,1.766666667,1.8,3.05,2.933333333,2.916666667,3.033333333,2.916666667,3.033333333,2.516666667
72,72,Minara Masjid   Cafe Almas  ,3.623490105,3.330053805,3.315244375,3.498915344,3.295101881,3.752012821,3.058391338,2.3,2.266666667,2.266666667,2.2,2.283333333,2.266666667,2.25,4.233333333,3.866666667,3.85,3.9,3.766666667,4.2375,3.5
73,73,Mohammed Ali Road   Masjid Bunder Road  ,5.51976834,5.310514801,5.304056506,5.523646497,5.361067606,5.671487179,4.880933953,3.866666667,3.841666667,3.833333333,3.833333333,3.883333333,3.8,3.783333333,6.866666667,6.3,6.416666667,6.820833334,6.366666667,7,5.566666667
74,74,Mulund toll Naka Eastern Express Highway Thane  Teen Haath Naka Thane ,8.926612696,9.049486389,8.832439088,9.130895601,9.216653625,8.606581986,7.699175045,4.816666667,4.720833334,4.883333333,5.325,5.266666667,5.266666667,4.55,11.15,11.26666667,11.11666667,11.34166667,11.53333333,10.95833333,10.01666667
75,75, Central   Jacob Circle  ,15.15212191,15.50074359,15.34651915,15.38339968,15.12277603,14.74375482,13.9195669,9.7625,9.645833333,9.666666667,9.816666667,9.754166667,9.216666667,8.816666667,20.38333333,21.1,20.67083334,20.97083334,20.58333333,20,17.86666667
76,76, Central   Haji Ali  ,12.46964611,12.37528292,12.37608013,12.62188358,12.56932249,12.07082683,11.41850394,10.18333333,10.28333333,10.05,10.15,10.14166666,10.13333333,10.18333333,14.56666667,14.13333333,14.31666667,14.6,14.45,13.92916667,12.9
77,77,Oberoi Mall Junction   A K Vaidya Marg  ,6.852584877,7.041698693,7.110668748,6.971249656,6.921864821,6.90288162,6.633114374,5.266666667,5.266666667,5.35,5.291666666,5.3125,5.3,5.566666667,9.233333333,9.366666667,9.483333333,9.5,9.266666667,9.333333333,8.645833333
78,78,Orange Gate   Eastern Express Highway  ,27.60338743,28.39117949,27.93900901,28.77200957,28.91404406,27.73967154,25.80716318,24.95,25.09583333,25.19166667,25.22083334,25.28333333,25.25,25.25,28.69583333,29.47083334,29.64166667,30.86666667,31.09166666,29.04166667,26.86666667
79,79,Pali Naka Road   Globosport India  ,4.613621177,4.647375832,4.719889147,4.798033782,4.86066771,5.041070054,4.34831911,3.816666667,3.85,3.783333333,3.866666667,3.883333333,3.85,3.833333333,5.25,5.283333333,5.433333333,5.433333333,5.533333333,5.866666667,4.75
80,80,Ramabai Ambedkar Police Station   Carnac Road  ,1.465664354,1.430741596,1.438854248,1.3832397,1.470535012,1.624307692,1.140395043,0.833333333,0.916666667,0.95,0.866666667,0.983333333,0.916666667,0.933333333,1.783333333,1.683333333,1.683333333,1.683333333,1.716666667,1.966666667,1.266666667
81,81,S K Bole Marg   Dadar TT  ,14.37940118,17.01473765,15.41491433,15.53859087,14.85212097,14.83676698,13.63552462,10.35,10.38333333,10.35,10.18333333,10.2,10.06666667,10.35,17.21666667,20.46666667,18.96666667,19.53333333,18.65,18.95,16.1
82,82,Santacruz Milan Subway    Milan Bridge  ,5.501111973,5.344217949,5.471664071,5.544270833,5.396092316,5.876759117,5.066524768,4.183333333,4.166666667,4.216666667,4.216666667,4.2,4.216666667,4.166666667,5.766666667,5.570833334,5.683333333,5.933333333,5.466666667,6.116666667,5.904166667
83,83,Santacruz-Khar Subway   Kalki Fashion  ,8.557812902,8.636059908,8.737267081,9.003227513,8.68751634,8.835588009,7.955534106,5.983333333,6.066666667,6.083333333,6.066666667,6.075,5.916666667,5.95,9.783333333,9.833333333,9.6375,10.15,10.1,10.78333333,8.55
84,84,Shangrila Biscuit Factory Rajiv Gandhi Nagar   Dreams The Mall Bhandup West   400078,6.165882202,6.152017476,6.200593855,5.933547696,6.092860872,6.573988735,5.147749486,4.1,4.133333333,4.166666667,4.166666667,4.15,4.15,4.15,7.383333333,7.233333333,7.408333334,6.95,7.3,7.9625,5.833333333
85,85,Shivaji Chowk Vashi Navi   Hotel Blue Diamond Navi  ,6.000321502,6.039794872,5.995914145,6.071529443,6.006860435,6.22211094,5.988953338,4.516666667,4.629166667,4.5,4.558333334,4.583333333,4.533333333,4.55,7.133333333,7.15,7.133333333,7.275,7.066666667,7.583333333,6.95
86,86,Shoppers Stop Linking Road Bandra   Turner Road  ,6.124383667,6.266628235,6.304930124,6.375039872,6.456896552,7.093761209,6.131184041,4.65,4.75,4.716666667,4.670833334,4.733333333,4.566666667,4.616666667,7.1625,7.316666667,7.420833334,7.5625,7.633333333,9,7.216666667
87,87,Sion Circle   Chunabhatti  ,6.513871795,6.648567409,6.648841699,6.647753854,6.565390625,6.647838322,6.123161008,5.433333333,5.325,5.466666667,5.35,5.4,5.333333333,5.316666667,7.333333333,7.516666667,7.491666667,7.616666667,7.433333333,7.65,6.754166667
88,88,Talaopali Thane  Court Naka Thane ,6.97970679,7.022555812,6.939633359,6.881922258,6.900209479,6.999307159,6.482081074,5.816666667,5.833333333,5.85,5.866666667,5.8,5.858333334,5.866666667,7.95,8.033333333,7.916666667,7.9,7.95,8.033333333,7.066666667
89,89,Tatvagyan Vidyapeeth junction Thane  Kapurbavdi Thane ,2.714667536,2.748420556,2.737760039,2.71744012,2.737700046,2.765099909,2.679876013,2.366666667,2.475,2.483333333,2.466666667,2.5,2.416666667,2.4,2.966666667,2.95,2.95,2.970833334,2.95,3.066666667,2.933333333
90,90,Teen Haath Naka Thane  Mulund toll Naka Eastern Express Highway Thane ,11.0537908,11.219,10.92381507,11.29904306,11.69532967,10.48359034,9.24520495,7.783333333,7.983333333,7.825,7.716666667,8,8.1,7.566666667,12.35,12.85,12.50833334,12.8125,13.72083333,12.3,10.73333333
91,91,Thane Jail Thane  Thane Kalwa bridge Thane ,1.393865741,1.378692308,1.399702381,1.448325359,1.408000522,1.283821263,1.055052849,0.9,0.916666667,0.916666667,0.916666667,0.933333333,0.916666667,0.883333333,1.666666667,1.616666667,1.666666667,1.733333333,1.683333333,1.416666667,1.033333333
92,92,Thane Kalwa bridge Thane  Thane Jail Thane ,5.50932509,5.521401078,5.656990921,5.760933333,5.687185535,4.810695942,3.822342621,3.183333333,3.25,3.25,3.233333333,3.283333333,3.2375,3.083333333,7.033333333,6.875,7.25,7.616666667,7.308333333,5.016666667,3.7
93,93,TISS   Chembur Naka V N Purav Marg  ,3.535910256,3.60015361,3.779153767,3.988804781,4.159281046,3.799667434,3.443299897,0.033333333,0.033333333,0.033333333,0.033333333,0.033333333,0.033333333,0.033333333,5.933333333,5.9125,5.966666667,5.983333333,5.983333333,6.016666667,5.7875
94,94,Turner Road   Shoppers Stop Linking Road Bandra  ,5.270406065,5.43249484,5.493969979,5.552992817,5.672575996,5.868950475,4.968416988,3.1,3.216666667,3.116666667,3.1,3.3125,3.025,3.291666667,6.75,7.116666667,7.45,7.433333333,7.520833334,8.066666667,6.141666667
95,95,Uthalsar Thane  Civil Hospital Thane ,4.834783735,4.836066205,4.837784679,4.904883227,4.857305577,4.864827675,4.614413364,4.3,4.316666667,4.25,4.4125,4.333333333,4.35,4.25,5.266666667,5.308333334,5.3,5.35,5.3,5.3375,5
96,96,Vashi Bridge Navi   Vashi Toll Naka Navi  ,10.77409979,10.73942776,10.86193607,11.41174363,11.44287392,11.29354632,10.71281258,9.616666667,9.783333333,9.683333333,9.85,9.933333333,9.891666667,9.616666667,12.11666667,11.88333333,11.91666667,12.11666667,12.26666667,12.58333333,11.76666667
97,97,Vashi Gaon Signal Navi   Vashi Toll Naka Navi  ,22.15719609,22.0883449,21.98313602,22.3049101,22.48875437,22.97401923,21.74236917,19.11666667,19.23333333,19.05833334,19.25,19.23333333,19.45833334,19.08333333,24.75,24.85,24.6,24.61666667,24.93333334,25.91666667,23.63333333
98,98,Vashi Toll Naka Navi   Vashi Gaon Signal Navi  ,9.246965021,8.996273452,9.035511811,9.053352649,9.164657497,9.556921676,9.074458204,7.616666667,7.55,7.466666667,7.6,7.583333333,7.533333333,7.4625,10.28333333,10.36666667,10.17916667,10.25,10.43333333,11.08333333,9.9875
99,99,Vashi Toll Naka Navi   Vashi Bridge Navi  ,12.49354424,11.96565307,12.00320662,12.04096225,12.62016785,13.13650488,12.18132251,9.566666667,9.508333334,9.416666667,9.466666667,9.666666667,9.820833334,9.566666667,13.76666667,13.075,13.01666667,13.22916667,14.03333333,14.925,13.25
100,100,Veer Savarkar flyover   Grand Sarovar Premiere  ,5.708127889,5.648385857,5.863261094,5.551838529,5.84589562,6.241615385,5.198095238,3.633333333,3.633333333,3.583333333,3.65,3.65,3.6625,3.625,6.15,6.033333333,6.570833334,6.15,6.641666667,7.604166667,5.6
101,101,VS Agashe Marg Junction    High School  ,30.71762689,33.27392241,31.59742754,32.36946839,31.47084241,29.37275186,27.46906229,21.85833333,21.45,22.9875,21.51666667,22.70833334,21.66666667,22.05833333,36.42916667,39.65416667,38.025,39.0875,36.61666667,35.61666667,31.58333333
